CLUSTER_ID,EXT_SOURCE_2,EXT_SOURCE_3,EXT_SOURCE_1,BUREAU_DAYS_CREDIT_MEAN,BUREAU_CREDIT_ACTIVE_CLOSED,DAYS_BIRTH,PREV_NAME_CONTRACT_STATUS_REFUSED,BUREAU_CREDIT_ACTIVE_ACTIVE,TARGET
0,0.5643453759248381,0.5154615940511831,0.5230720760324359,-1096.3289793925746,0.5785223801859675,-15994.719531531531,0.09417488639299817,0.41727824228132165,0.05225225225225225
1,0.5138414070073575,0.5014001841241719,0.5119675199435108,-1107.727316231968,0.5924526462234684,-16742.549056647134,0.15646792237041,0.4023123233497682,0.09674824773066759
2,0.5053053793900835,0.5234119461684863,0.494099172259644,-1049.1751592971425,0.5825830434553122,-15404.848685631228,0.058116075785590235,0.41287790190255536,0.07443936877076412
